,MMR on (α=0.5),Weight wQED=0.7,Weight wQED=0.9,Scaler z-score,Scaler quantile
QED,-0.016739282549423622,-0.005676816874345921,0.003366187401188251,0.0,0.0027090312733979807
SA,0.29075818852951585,-0.09586659526760344,0.11737517197710827,0.0,0.08381141368434293
Scaffold,0.0833333333333333,-0.023333333333333355,0.020000000000000018,0.0,0.013333333333333345
Seconds,0.4972420533498128,-0.0007441838582356771,0.01784793535868327,-0.00026265780131022137,-0.0004939238230387369
